id,m_bike_dash_map_id,index,start_x,start_y,end_x,end_y,m_bike_dash_item_id,item_relative_x,item_relative_y,item_appear_percentage_supplementary
1,1,0,0,15,6,16,0,0,0,0
1,1,1,6,16,6,0,0,0,0,0
1,1,2,6,0,10,0,0,0,0,0
1,1,3,10,0,10,18,0,0,0,0
1,1,4,10,18,14,20,0,0,0,0
1,1,5,14,20,17,20,11,1,0,100
1,1,6,17,20,21,18,0,0,0,0
1,1,7,21,18,21,0,0,0,0,0
1,1,8,21,0,24,0,0,0,0,0
1,1,9,24,0,24,18,0,0,0,0
1,1,10,24,18,30,18,0,0,0,0
1,1,11,30,18,39,18,5,0,0,100
1,1,12,39,18,39,0,0,0,0,0
1,1,13,39,0,43,0,0,0,0,0
1,1,14,43,0,43,18,0,0,0,0
1,1,15,43,18,48,15,0,0,0,0
1,1,16,48,15,56,15,0,0,0,0
1,1,17,56,15,62,18,0,0,0,0
1,1,18,62,18,62,18,0,0,0,0
1,1,19,62,18,62,0,0,0,0,0
1,1,20,62,0,65,0,0,0,0,0
1,1,21,65,0,65,18,0,0,0,0
1,1,22,65,18,75,18,0,0,0,0
1,1,23,75,18,77,19,0,0,0,0
1,1,24,77,19,81,22,11,0,0,100
1,1,25,81,22,86,18,0,0,0,0
1,1,26,86,18,95,18,11,4,0,100
1,1,27,95,18,98,15,0,0,0,0
1,1,28,98,15,100,15,0,0,0,0
,,,,,,,,,,
2,2,0,0,15,21,15,0,0,0,0
2,2,1,21,15,25,16,0,0,0,0
2,2,2,25,16,30,18,11,0,0,100
2,2,3,30,18,36,18,0,0,0,0
2,2,4,36,18,44,18,5,0,0,100
2,2,5,44,18,44,0,0,0,0,0
2,2,6,44,0,48,0,0,0,0,0
2,2,7,48,0,48,18,0,0,0,0
2,2,8,48,18,53,18,11,-2,3,100
2,2,9,53,18,56,18,5,0,0,100
2,2,10,56,18,64,18,5,0,0,100
2,2,11,64,18,64,0,0,0,0,0
2,2,12,64,0,68,0,0,0,0,0
2,2,13,68,0,68,21,0,0,0,0
2,2,14,68,21,78,18,0,0,0,0
2,2,15,78,18,81,17,5,0,0,100
2,2,16,81,17,88,15,11,0,0,100
2,2,17,88,15,91,15,5,0,0,100
2,2,18,91,15,97,15,5,0,0,100
2,2,19,97,15,100,15,5,0,0,100
,,,,,,,,,,
3,3,0,0,15,16,15,0,0,0,0
3,3,1,16,15,16,0,0,0,0,0
3,3,2,16,0,19,0,0,0,0,0
3,3,3,19,0,19,15,0,0,0,0
3,3,4,19,15,30,15,0,0,0,0
3,3,5,30,15,30,0,11,2,2,100
3,3,6,30,0,34,0,0,0,0,0
3,3,7,34,0,34,15,0,0,0,0
3,3,8,34,15,44,15,0,0,0,0
3,3,9,44,15,54,15,0,0,0,0
3,3,10,54,15,54,0,0,0,0,0
3,3,11,54,0,58,0,0,0,0,0
3,3,12,58,0,58,15,0,0,0,0
3,3,13,58,15,72,21,11,7,4,100
3,3,14,72,21,75,19,0,0,0,0
3,3,15,75,19,87,15,5,0,0,100
3,3,16,87,15,87,0,11,-6,5,100
3,3,17,87,0,91,0,0,0,0,0
3,3,18,91,0,91,15,0,0,0,0
3,3,19,91,15,100,15,0,0,0,0
,,,,,,,,,,
4,4,0,0,15,12,15,0,0,0,0
4,4,1,12,15,13,15,5,0,0,100
4,4,2,13,15,23,21,0,0,0,0
4,4,3,23,21,38,15,11,7,-2,100
4,4,4,38,15,40,15,0,0,0,0
4,4,5,40,15,42,15,5,0,0,100
4,4,6,42,15,48,18,0,0,0,0
4,4,7,48,18,51,17,11,2,-1,100
4,4,8,51,17,55,15,0,0,0,0
4,4,9,55,15,56,15,0,0,0,0
4,4,10,56,15,58,17,0,0,0,0
4,4,11,58,17,61,18,5,0,0,100
4,4,12,61,18,62,15,0,0,0,0
4,4,13,62,15,63,15,0,0,0,0
4,4,14,63,15,65,15,5,0,0,100
4,4,15,65,15,67,17,0,0,0,0
4,4,16,67,17,76,22,5,0,0,100
4,4,17,76,22,79,18,0,0,0,0
4,4,18,79,18,84,15,5,0,0,100
4,4,19,84,15,90,15,0,0,0,0
4,4,20,90,15,96,20,11,-1,2,100
4,4,21,96,20,99,15,5,0,0,100
4,4,22,99,15,100,15,0,0,0,0
,,,,,,,,,,
5,5,0,0,15,6,15,1,0,0,20
5,5,1,6,15,10,15,5,0,0,100
5,5,2,10,15,14,15,11,0,0,100
5,5,3,14,15,19,15,5,0,0,100
5,5,4,19,15,21,15,5,0,0,100
5,5,5,21,15,21,0,0,0,0,0
5,5,6,21,0,23,0,0,0,0,0
5,5,7,23,0,23,15,0,0,0,0
5,5,8,23,15,25,15,0,0,0,0
5,5,9,25,15,26,15,0,0,0,0
5,5,10,26,15,30,15,5,0,0,100
5,5,11,30,15,30,0,0,0,0,0
5,5,12,30,0,32,0,0,0,0,0
5,5,13,32,0,32,15,0,0,0,0
5,5,14,32,15,36,15,5,0,0,100
5,5,15,36,15,40,15,5,0,0,100
5,5,16,40,15,40,0,0,0,0,0
5,5,17,40,0,42,0,0,0,0,0
5,5,18,42,0,42,15,0,0,0,0
5,5,19,42,15,44,15,0,0,0,0
5,5,20,44,15,46,15,5,0,0,100
5,5,21,46,15,49,15,5,0,0,100
5,5,22,49,15,49,0,0,0,0,0
5,5,23,49,0,51,0,0,0,0,0
5,5,24,51,0,51,15,0,0,0,0
5,5,25,51,15,53,15,0,0,0,0
5,5,26,53,15,53,0,0,0,0,0
5,5,27,53,0,55,0,0,0,0,0
5,5,28,55,0,55,15,0,0,0,0
5,5,29,55,15,56,15,0,0,0,0
5,5,30,56,15,57,15,5,0,0,100
5,5,31,57,15,61,15,11,1,0,100
5,5,31,61,15,64,15,5,0,0,100
5,5,32,64,15,64,0,0,0,0,0
5,5,33,64,0,68,0,0,0,0,0
5,5,34,68,0,68,15,0,0,0,0
5,5,35,68,15,74,15,0,0,0,0
5,5,36,74,15,75,15,4,0,0,100
5,5,37,75,15,75,0,0,0,0,0
5,5,38,75,0,81,0,0,0,0,0
5,5,39,81,0,81,17,0,0,0,0
5,5,40,81,17,85,17,0,0,0,0
5,5,41,85,17,85,0,0,0,0,0
5,5,42,85,0,89,0,0,0,0,0
5,5,43,89,0,89,21,0,0,0,0
5,5,44,89,21,93,20,11,2,-1,100
5,5,45,93,20,93,0,0,0,0,0
5,5,46,93,0,96,0,0,0,0,0
5,5,47,96,0,96,18,0,0,0,0
5,5,48,96,18,98,15,0,0,0,0
5,5,49,98,15,99,15,0,0,0,0
5,5,50,99,15,100,15,0,0,0,0
,,,,,,,,,,
6,6,0,0,15,2,15,1,0,0,50
6,6,1,2,15,2,13,0,0,0,0
6,6,2,2,13,6,13,0,0,0,0
6,6,3,6,13,6,11,0,0,0,0
6,6,4,6,11,14,11,7,1,0,100
6,6,5,14,11,14,12,11,-6,0,100
6,6,6,14,12,18,12,0,0,0,0
6,6,7,18,12,21,12,0,0,0,0
6,6,8,21,12,21,13,0,0,0,0
6,6,9,21,13,27,13,0,0,0,0
6,6,10,27,13,27,14,0,0,0,0
6,6,11,27,14,28,14,0,0,0,0
6,6,12,28,14,32,14,7,0,0,100
6,6,13,32,14,32,16,0,0,0,0
6,6,14,32,16,38,16,0,0,0,0
6,6,15,38,16,40,14,0,0,0,0
6,6,16,40,14,43,13,7,0,0,100
6,6,17,43,13,45,11,7,0,0,100
6,6,18,45,11,54,11,11,4,4,100
6,6,19,54,11,58,15,0,0,0,0
6,6,20,58,15,60,15,7,1,0,100
6,6,22,60,15,64,13,0,0,0,0
6,6,23,64,13,68,13,0,0,0,0
6,6,24,68,13,72,13,7,0,0,100
6,6,25,72,13,72,0,0,0,0,0
6,6,26,72,0,75,0,0,0,0,0
6,6,27,75,0,75,15,0,0,0,0
6,6,28,75,15,81,15,0,0,0,0
6,6,29,81,15,81,13,0,0,0,0
6,6,30,81,13,83,13,7,1,0,100
6,6,31,83,13,88,13,0,0,0,0
6,6,32,88,13,90,15,0,0,0,0
6,6,33,90,15,94,17,0,0,0,0
6,6,34,94,17,97,15,11,0,2,100
6,6,35,97,15,99,15,0,0,0,0
6,6,36,99,15,100,15,0,0,0,0
,,,,,,,,,,
7,7,0,0,15,3,16,1,0,0,100
7,7,1,3,16,4,16,0,0,0,0
7,7,2,4,16,7,16,7,0,0,100
7,7,3,7,16,10,17,0,0,0,0
7,7,4,10,17,12,18,7,0,0,100
7,7,5,12,18,13,18,0,0,0,0
7,7,6,13,18,16,17,7,0,0,100
7,7,7,16,17,17,17,0,0,0,0
7,7,8,17,17,20,17,0,0,0,0
7,7,9,20,17,23,16,0,0,0,0
7,7,10,23,16,25,17,7,0,0,100
7,7,11,25,17,29,16,7,0,0,100
7,7,12,29,16,31,17,0,0,0,0
7,7,13,31,17,35,18,0,0,0,0
7,7,14,35,18,38,18,0,0,0,0
7,7,15,38,18,43,20,7,0,0,100
7,7,16,43,20,46,19,11,-2,-1,100
7,7,17,46,19,52,18,7,0,0,100
7,7,18,52,18,57,16,7,0,0,100
7,7,19,57,16,63,14,7,0,0,100
7,7,20,63,14,65,13,7,0,0,100
7,7,21,65,13,66,12,7,0,0,100
7,7,22,66,12,74,11,7,0,0,100
7,7,23,74,11,74,0,11,-5,1,100
7,7,24,74,0,79,0,0,0,0,0
7,7,25,79,0,79,11,0,0,0,0
7,7,26,79,11,83,11,0,0,0,0
7,7,27,83,11,89,11,7,0,0,100
7,7,28,89,11,89,0,11,2,2,100
7,7,29,89,0,94,0,0,0,0,0
7,7,30,94,0,94,15,0,0,0,0
7,7,31,94,15,97,15,0,0,0,0
7,7,32,97,15,99,15,7,0,0,100
7,7,33,99,15,100,15,0,0,0,0
,,,,,,,,,,
8,8,0,0,15,10,15,1,0,0,20
8,8,1,10,15,10,0,0,0,0,0
8,8,2,10,0,14,0,0,0,0,0
8,8,3,14,0,14,15,0,0,0,0
8,8,4,14,15,15,15,0,0,0,0
8,8,5,15,15,20,15,11,0,3,100
8,8,6,20,15,20,0,0,0,0,0
8,8,7,20,0,25,0,0,0,0,0
8,8,8,25,0,25,15,0,0,0,0
8,8,9,25,15,31,15,0,0,0,0
8,8,10,31,15,31,0,0,0,0,0
8,8,11,31,0,39,0,0,0,0,0
8,8,12,39,0,39,15,0,0,0,0
8,8,13,39,15,45,15,11,-5,0,100
8,8,14,45,15,47,15,7,0,0,100
8,8,15,47,15,47,0,0,0,0,0
8,8,16,47,0,51,0,0,0,0,0
8,8,17,51,0,51,15,0,0,0,0
8,8,18,51,15,56,15,0,0,0,0
8,8,19,56,15,60,13,0,0,0,0
8,8,20,60,13,64,12,7,0,0,100
8,8,21,64,12,64,0,0,0,0,0
8,8,22,64,0,68,0,0,0,0,0
8,8,23,68,0,68,12,0,0,0,0
8,8,24,68,12,69,12,0,0,0,0
8,8,25,69,12,78,16,7,0,0,100
8,8,26,78,16,80,17,7,0,0,100
8,8,27,80,17,84,18,11,0,0,100
8,8,28,84,18,85,18,0,0,0,0
8,8,29,85,18,88,18,7,0,0,100
8,8,30,88,18,91,18,7,0,0,100
8,8,31,91,18,93,18,7,0,0,100
8,8,32,93,18,95,17,0,0,0,0
8,8,33,95,17,97,16,7,0,0,100
8,8,34,97,16,98,15,7,0,0,100
8,8,35,98,15,99,15,0,0,0,0
8,8,36,99,15,100,15,0,0,0,0
,,,,,,,,,,
9,9,0,0,15,7,15,1,0,0,20
9,9,1,7,15,13,14,6,0,0,100
9,9,2,13,14,14,14,11,0,0,100
9,9,3,14,14,18,15,0,0,0,0
9,9,4,18,15,23,15,6,0,0,100
9,9,5,23,15,23,0,0,0,0,0
9,9,6,23,0,31,0,0,0,0,0
9,9,7,31,0,31,15,0,0,0,0
9,9,8,31,15,35,15,0,0,0,0
9,9,9,35,15,35,0,0,0,0,0
9,9,10,35,0,43,0,0,0,0,0
9,9,11,43,0,43,16,0,0,0,0
9,9,12,43,16,47,18,0,0,0,0
9,9,13,47,18,47,0,0,0,0,0
9,9,14,47,0,52,0,0,0,0,0
9,9,15,52,0,52,18,0,0,0,0
9,9,16,52,18,55,18,0,0,0,0
9,9,17,55,18,55,0,0,0,0,0
9,9,18,55,0,62,0,0,0,0,0
9,9,19,62,0,62,20,0,0,0,0
9,9,20,62,20,69,22,0,0,0,0
9,9,21,69,22,69,0,0,0,0,0
9,9,22,69,0,75,0,0,0,0,0
9,9,23,75,0,75,24,0,0,0,0
9,9,24,75,24,81,21,0,0,0,0
9,9,25,81,21,81,0,0,0,0,0
9,9,26,81,0,83,0,0,0,0,0
9,9,27,83,0,83,12,0,0,0,0
9,9,28,83,12,88,12,0,0,0,0
9,9,29,88,12,91,12,11,0,0,100
9,9,30,91,12,91,0,0,0,0,0
9,9,31,91,0,94,0,0,0,0,0
9,9,32,94,0,94,13,0,0,0,0
9,9,33,94,13,97,15,11,0,0,100
9,9,34,97,15,98,15,0,0,0,0
9,9,35,98,15,99,15,6,0,0,100
9,9,36,99,15,100,15,0,0,0,0
,,,,,,,,,,
10,10,0,0,15,9,15,1,0,0,20
10,10,1,9,15,10,15,4,0,0,100
10,10,2,10,15,10,0,0,0,0,0
10,10,3,10,0,15,0,0,0,0,0
10,10,4,15,0,15,19,0,0,0,0
10,10,5,15,19,23,19,11,3,2,100
10,10,6,23,19,23,0,0,0,0,0
10,10,7,23,0,27,0,0,0,0,0
10,10,8,27,0,27,15,0,0,0,0
10,10,9,27,15,31,15,0,0,0,0
10,10,10,31,15,31,0,0,0,0,0
10,10,11,31,0,35,0,0,0,0,0
10,10,12,35,0,35,13,0,0,0,0
10,10,13,35,13,39,13,0,0,0,0
10,10,14,39,13,39,0,0,0,0,0
10,10,15,39,0,43,0,0,0,0,0
10,10,16,43,0,43,11,0,0,0,0
10,10,17,43,11,48,11,11,1,0,100
10,10,18,48,11,49,11,4,0,0,100
10,10,19,49,11,49,0,0,0,0,0
10,10,20,49,0,53,0,0,0,0,0
10,10,21,53,0,53,15,0,0,0,0
10,10,22,53,15,55,15,0,0,0,0
10,10,23,55,15,56,15,4,0,0,100
10,10,24,56,15,57,15,0,0,0,0
10,10,25,57,15,57,0,0,0,0,0
10,10,26,57,0,61,0,0,0,0,0
10,10,27,61,0,61,19,0,0,0,0
10,10,28,61,19,63,19,11,11,1,100
10,10,29,63,19,68,19,6,-1,0,100
10,10,30,68,19,68,0,0,0,0,0
10,10,31,68,0,76,0,0,0,0,0
10,10,32,76,0,76,19,0,0,0,0
10,10,33,76,19,81,19,11,7,-2,100
10,10,34,81,19,81,0,0,0,0,0
10,10,35,81,0,92,0,0,0,0,0
10,10,36,92,0,92,15,0,0,0,0
10,10,37,92,15,99,15,0,0,0,0
10,10,38,99,15,100,15,0,0,0,0
,,,,,,,,,,
11,11,0,0,15,10,15,1,0,0,20
11,11,1,10,15,10,0,0,0,0,0
11,11,2,10,0,13,0,0,0,0,0
11,11,3,13,0,13,15,0,0,0,0
11,11,4,13,15,15,16,11,0,0,100
11,11,5,15,16,20,17,7,0,0,100
11,11,6,20,17,23,16,0,0,0,0
11,11,7,23,16,27,15,7,0,0,100
11,11,8,27,15,27,13,0,0,0,0
11,11,9,27,13,31,13,11,1,0,100
11,11,10,31,13,34,13,7,0,0,100
11,11,11,34,13,34,12,0,0,0,0
11,11,12,34,12,38,12,7,1,0,100
11,11,13,38,12,39,12,0,0,0,0
11,11,14,39,12,39,0,0,0,0,0
11,11,15,39,0,41,0,0,0,0,0
11,11,16,41,0,41,12,0,0,0,0
11,11,17,41,12,43,12,0,0,0,0
11,11,18,43,12,46,12,7,0,0,100
11,11,19,46,12,46,0,0,0,0,0
11,11,20,46,0,50,0,0,0,0,0
11,11,21,50,0,50,12,0,0,0,0
11,11,22,50,12,53,12,0,0,0,0
11,11,23,53,12,53,0,0,0,0,0
11,11,24,53,0,55,0,0,0,0,0
11,11,25,55,0,55,12,0,0,0,0
11,11,26,55,12,57,12,0,0,0,0
11,11,27,57,12,57,0,0,0,0,0
11,11,28,57,0,59,0,0,0,0,0
11,11,29,59,0,59,12,0,0,0,0
11,11,30,59,12,65,12,0,0,0,0
11,11,31,65,12,65,13,0,0,0,0
11,11,32,65,13,68,13,0,0,0,0
11,11,33,68,13,68,15,0,0,0,0
11,11,34,68,15,71,15,0,0,0,0
11,11,35,71,15,71,16,0,0,0,0
11,11,36,71,16,72,16,0,0,0,0
11,11,37,72,16,75,16,7,0,0,100
11,11,38,75,16,79,18,0,0,0,0
11,11,39,79,18,81,17,0,0,0,0
11,11,40,81,17,84,16,7,0,0,100
11,11,41,84,16,84,0,0,0,0,0
11,11,42,84,0,86,0,0,0,0,0
11,11,43,86,0,86,18,0,0,0,0
11,11,44,86,18,89,18,0,0,0,0
11,11,45,89,18,93,18,7,0,0,100
11,11,46,93,18,93,0,0,0,0,0
11,11,47,93,0,95,0,0,0,0,0
11,11,48,95,0,95,15,0,0,0,0
11,11,49,95,15,98,15,11,1,0,100
11,11,50,98,15,99,15,7,0,0,100
11,11,51,99,15,100,15,0,0,0,0
,,,,,,,,,,
12,12,0,0,15,6,15,1,0,0,20
12,12,1,6,15,6,0,0,0,0,0
12,12,2,6,0,10,0,0,0,0,0
12,12,3,10,0,10,17,0,0,0,0
12,12,4,10,17,14,17,0,0,0,0
12,12,5,14,17,14,0,0,0,0,0
12,12,6,14,0,18,0,0,0,0,0
12,12,7,18,0,18,20,0,0,0,0
12,12,8,18,20,22,20,11,1,0,100
12,12,9,22,20,22,0,0,0,0,0
12,12,10,22,0,30,0,0,0,0,0
12,12,11,30,0,30,22,0,0,0,0
12,12,12,30,22,33,22,0,0,0,0
12,12,13,33,22,37,22,7,0,0,100
12,12,14,37,22,39,21,0,0,0,0
12,12,15,39,21,44,20,7,0,0,100
12,12,16,44,20,44,0,0,0,0,0
12,12,17,44,0,47,0,0,0,0,0
12,12,18,47,0,47,20,0,0,0,0
12,12,19,47,20,51,21,0,0,0,0
12,12,20,51,21,55,22,7,0,0,100
12,12,21,55,22,57,21,0,0,0,0
12,12,22,57,21,64,20,7,0,0,100
12,12,23,64,20,65,20,0,0,0,0
12,12,24,65,20,67,19,7,-2,0,100
12,12,25,67,19,68,19,7,0,0,100
12,12,26,68,19,68,0,11,-3,1,100
12,12,27,68,0,73,0,0,0,0,0
12,12,28,73,0,73,16,0,0,0,0
12,12,29,73,16,77,16,0,0,0,0
12,12,30,77,16,77,0,0,0,0,0
12,12,31,77,0,81,0,0,0,0,0
12,12,32,81,0,81,19,0,0,0,0
12,12,33,81,19,85,19,0,0,0,0
12,12,34,85,19,85,0,0,0,0,0
12,12,35,85,0,89,0,0,0,0,0
12,12,36,89,0,89,23,0,0,0,0
12,12,37,89,23,93,23,0,0,0,0
12,12,38,93,23,93,0,0,0,0,0
12,12,39,93,0,97,0,0,0,0,0
12,12,40,97,0,97,15,0,0,0,0
12,12,41,97,15,99,15,11,0,3,100
12,12,42,99,15,100,15,0,0,0,0
,,,,,,,,,,
13,13,0,0,15,6,15,1,0,0,20
13,13,1,6,15,6,17,0,0,0,0
13,13,2,6,17,9,17,0,0,0,0
13,13,3,9,17,9,19,0,0,0,0
13,13,4,9,19,12,19,11,1,0,100
13,13,5,12,19,12,21,0,0,0,0
13,13,6,12,21,14,21,0,0,0,0
13,13,7,14,21,19,21,0,0,0,0
13,13,8,19,21,21,21,7,0,0,100
13,13,9,21,21,24,21,7,0,0,100
13,13,10,24,21,24,20,0,0,0,0
13,13,11,24,20,27,19,0,0,0,0
13,13,12,27,19,27,19,0,0,0,0
13,13,13,27,19,28,19,0,0,0,0
13,13,14,28,19,30,19,7,0,0,100
13,13,15,30,19,30,18,0,0,0,0
13,13,16,30,18,33,18,0,0,0,0
13,13,17,33,18,35,18,7,0,0,100
13,13,18,35,18,35,17,0,0,0,0
13,13,19,35,17,40,17,0,0,0,0
13,13,20,40,17,40,16,0,0,0,0
13,13,21,40,16,45,16,0,0,0,0
13,13,22,45,16,47,16,7,0,0,100
13,13,23,47,16,47,15,0,0,0,0
13,13,24,47,15,50,15,0,0,0,0
13,13,25,50,15,50,17,0,0,0,0
13,13,26,50,17,52,17,0,0,0,0
13,13,27,52,17,52,17,0,0,0,0
13,13,28,52,17,54,17,0,0,0,0
13,13,29,54,17,54,17,0,0,0,0
13,13,30,54,17,55,17,0,0,0,0
13,13,31,55,17,61,17,7,0,0,100
13,13,32,61,17,61,0,0,0,0,0
13,13,33,61,0,64,0,0,0,0,0
13,13,34,64,0,64,18,0,0,0,0
13,13,35,64,18,69,18,11,1,0,100
13,13,36,69,18,69,0,0,0,0,0
13,13,37,69,0,72,0,0,0,0,0
13,13,38,72,0,72,17,0,0,0,0
13,13,39,72,17,73,17,0,0,0,0
13,13,40,73,17,79,17,7,0,0,100
13,13,41,79,17,79,0,0,0,0,0
13,13,42,79,0,82,0,0,0,0,0
13,13,43,82,0,82,19,0,0,0,0
13,13,44,82,19,85,19,0,0,0,0
13,13,45,85,19,85,20,0,0,0,0
13,13,46,85,20,86,20,0,0,0,0
13,13,47,86,20,89,20,7,0,0,100
13,13,48,89,20,89,19,11,1,-1,100
13,13,49,89,19,90,19,0,0,0,0
13,13,50,90,19,90,18,0,0,0,0
13,13,51,90,18,92,18,0,0,0,0
13,13,52,92,18,92,17,0,0,0,0
13,13,53,92,17,94,17,0,0,0,0
13,13,54,94,17,94,16,0,0,0,0
13,13,55,94,16,95,16,0,0,0,0
13,13,56,95,16,97,16,0,0,0,0
13,13,57,97,16,97,15,0,0,0,0
13,13,58,97,15,98,15,0,0,0,0
13,13,59,98,15,99,15,0,0,0,0
13,13,60,99,15,100,15,0,0,0,0
,,,,,,,,,,
14,14,0,0,15,3,15,1,0,0,20
14,14,1,3,15,3,0,0,0,0,0
14,14,2,3,0,5,0,0,0,0,0
14,14,3,5,0,5,15,0,0,0,0
14,14,4,5,15,8,17,0,0,0,0
14,14,5,8,17,8,0,0,0,0,0
14,14,6,8,0,10,0,0,0,0,0
14,14,7,10,0,10,18,0,0,0,0
14,14,8,10,18,13,19,0,0,0,0
14,14,9,13,19,13,0,0,0,0,0
14,14,10,13,0,16,0,0,0,0,0
14,14,11,16,0,16,22,0,0,0,0
14,14,12,16,22,18,23,0,0,0,0
14,14,13,18,23,18,0,0,0,0,0
14,14,14,18,0,20,0,0,0,0,0
14,14,15,20,0,20,23,0,0,0,0
14,14,16,20,23,22,23,0,0,0,0
14,14,17,22,23,22,0,0,0,0,0
14,14,18,22,0,26,0,0,0,0,0
14,14,19,26,0,26,23,0,0,0,0
14,14,20,26,23,29,23,0,0,0,0
14,14,21,29,23,33,23,5,0,0,100
14,14,22,33,23,33,0,0,0,0,0
14,14,23,33,0,37,0,0,0,0,0
14,14,24,37,0,37,23,0,0,0,0
14,14,25,37,23,39,23,0,0,0,0
14,14,26,39,23,39,0,0,0,0,0
14,14,27,39,0,42,0,0,0,0,0
14,14,28,42,0,42,22,0,0,0,0
14,14,29,42,22,45,20,0,0,0,0
14,14,30,45,20,45,0,0,0,0,0
14,14,31,45,0,47,0,0,0,0,0
14,14,32,47,0,47,20,0,0,0,0
14,14,33,47,20,49,20,0,0,0,0
14,14,34,49,20,54,20,5,0,0,100
14,14,35,54,20,54,0,11,-2,0,100
14,14,36,54,0,57,0,0,0,0,0
14,14,37,57,0,57,20,0,0,0,0
14,14,38,57,20,59,20,0,0,0,0
14,14,39,59,20,59,0,0,0,0,0
14,14,40,59,0,62,0,0,0,0,0
14,14,41,62,0,62,20,0,0,0,0
14,14,42,62,20,64,20,0,0,0,0
14,14,43,64,20,64,0,0,0,0,0
14,14,44,64,0,66,0,0,0,0,0
14,14,45,66,0,66,19,0,0,0,0
14,14,46,66,19,69,18,0,0,0,0
14,14,47,69,18,69,0,0,0,0,0
14,14,48,69,0,71,0,0,0,0,0
14,14,49,71,0,71,18,0,0,0,0
14,14,50,71,18,76,18,11,5,4,100
14,14,51,76,18,81,18,5,0,0,100
14,14,52,81,18,81,0,0,0,0,0
14,14,53,81,0,84,0,0,0,0,0
14,14,54,84,0,84,18,0,0,0,0
14,14,55,84,18,87,18,0,0,0,0
14,14,56,87,18,87,0,0,0,0,0
14,14,57,87,0,89,0,0,0,0,0
14,14,58,89,0,89,18,0,0,0,0
14,14,59,89,18,92,18,0,0,0,0
14,14,60,92,18,92,0,0,0,0,0
14,14,61,92,0,94,0,0,0,0,0
14,14,62,94,0,94,18,0,0,0,0
14,14,63,94,18,96,18,0,0,0,0
14,14,64,96,18,98,17,11,1,0,100
14,14,65,98,17,99,15,5,0,0,100
14,14,66,99,15,100,15,0,0,0,0
,,,,,,,,,,
15,15,0,0,15,18,15,1,0,0,33
15,15,1,18,15,22,15,2,0,0,100
15,15,2,22,15,27,15,5,0,0,100
15,15,3,27,15,31,15,9,0,0,100
15,15,4,31,15,35,15,5,0,0,100
15,15,5,35,15,39,15,9,0,0,100
15,15,6,39,15,43,15,5,0,0,100
15,15,7,43,15,47,15,9,0,0,100
15,15,8,47,15,51,15,5,0,0,100
15,15,9,51,15,55,15,9,0,0,100
15,15,10,55,15,56,15,5,0,0,100
15,15,11,56,15,57,15,8,0,0,100
15,15,12,57,15,58,15,5,0,0,100
15,15,13,58,15,59,15,8,0,0,100
15,15,14,59,15,60,15,5,0,0,100
15,15,15,60,15,61,15,8,0,0,100
15,15,16,61,15,62,15,5,0,0,100
15,15,17,62,15,63,15,8,0,0,100
15,15,18,63,15,64,15,5,0,0,100
15,15,19,64,15,65,15,8,0,0,100
15,15,20,65,15,66,15,5,0,0,100
15,15,21,66,15,68,15,0,0,0,100
15,15,22,68,15,69,15,5,0,0,100
15,15,23,69,15,70,15,5,-1,1,100
15,15,24,70,15,71,15,5,0,0,100
15,15,25,71,15,72,15,5,-1,1,100
15,15,26,72,15,73,15,5,0,0,100
15,15,27,73,15,74,15,5,-1,1,100
15,15,28,74,15,75,15,5,0,0,100
15,15,29,75,15,76,15,5,-1,1,100
15,15,30,76,15,77,15,5,0,0,100
15,15,31,77,15,78,15,5,-1,1,100
15,15,32,78,15,79,15,5,0,0,100
15,15,33,79,15,80,15,5,-1,1,100
15,15,34,80,15,81,15,5,0,0,100
15,15,35,81,15,82,15,5,-1,1,100
15,15,36,82,15,83,15,5,0,0,100
15,15,37,83,15,84,15,5,-1,1,100
15,15,38,84,15,85,15,5,0,0,100
15,15,39,85,15,86,15,5,-1,1,100
15,15,40,86,15,87,15,5,0,0,100
15,15,41,87,15,88,15,5,-1,1,100
15,15,42,88,15,95,15,0,0,0,100
15,15,43,95,15,99,15,3,0,3,100
15,15,44,99,15,100,15,0,0,0,0
,,,,,,,,,,
16,16,0,0,15,2,15,1,0,0,20
16,16,1,2,15,12,19,0,0,0,0
16,16,2,12,19,12,0,0,0,0,0
16,16,3,12,0,14,0,0,0,0,0
16,16,4,14,0,14,20,0,0,0,0
16,16,5,14,20,21,22,0,0,0,0
16,16,6,21,22,21,0,0,0,0,0
16,16,7,21,0,23,0,0,0,0,0
16,16,8,23,0,23,24,0,0,0,0
16,16,9,23,24,29,24,0,0,0,0
16,16,10,29,24,30,24,4,0,0,100
16,16,11,30,24,30,0,0,0,0,0
16,16,12,30,0,32,0,0,0,0,0
16,16,13,32,0,32,24,0,0,0,0
16,16,14,32,24,33,24,0,0,0,0
16,16,15,33,24,37,24,11,0,4,100
16,16,16,37,24,41,24,6,0,0,100
16,16,17,41,24,41,0,0,0,0,0
16,16,18,41,0,43,0,0,0,0,0
16,16,19,43,0,43,24,0,0,0,0
16,16,20,43,24,50,24,0,0,0,0
16,16,21,50,24,50,5,0,0,0,0
16,16,22,50,5,53,5,0,0,0,0
16,16,23,53,5,58,5,6,0,0,100
16,16,24,58,5,58,7,0,0,0,0
16,16,25,58,7,61,7,0,0,0,0
16,16,26,61,7,61,5,0,0,0,0
16,16,27,61,5,66,5,0,0,0,0
16,16,28,66,5,66,6,0,0,0,0
16,16,29,66,6,69,6,0,0,0,0
16,16,30,69,6,69,5,0,0,0,0
16,16,31,69,5,73,5,0,0,0,0
16,16,32,73,5,74,5,0,0,0,0
16,16,33,74,5,74,7,0,0,0,0
16,16,34,74,7,75,7,0,0,0,0
16,16,35,75,7,76,7,0,0,0,0
16,16,36,76,7,77,7,11,-1,1,100
16,16,37,77,7,77,5,11,1,-2,100
16,16,38,77,5,82,5,0,0,0,0
16,16,39,82,5,82,6,0,0,0,0
16,16,40,82,6,85,6,0,0,0,0
16,16,41,85,6,85,5,0,0,0,0
16,16,42,85,5,88,5,0,0,0,0
16,16,43,88,5,88,6,0,0,0,0
16,16,44,88,6,91,6,0,0,0,0
16,16,45,91,6,91,8,0,0,0,0
16,16,46,91,8,93,8,0,0,0,0
16,16,47,93,8,94,8,4,0,0,100
16,16,48,94,8,94,0,0,0,0,0
16,16,49,94,0,98,0,0,0,0,0
16,16,50,98,0,98,15,0,0,0,0
16,16,51,98,15,99,15,0,0,0,0
16,16,52,99,15,100,15,0,0,0,0
,,,,,,,,,,
17,17,0,0,15,5,15,0,0,0,0
17,17,1,5,15,5,5,0,0,0,0
17,17,2,5,5,14,5,11,2,7,100
17,17,3,14,5,14,0,0,0,0,0
17,17,4,14,0,17,0,0,0,0,0
17,17,5,17,0,17,6,0,0,0,0
17,17,6,17,6,26,6,0,0,0,0
17,17,7,26,6,26,0,0,0,0,0
17,17,8,26,0,29,0,0,0,0,0
17,17,9,29,0,29,7,0,0,0,0
17,17,10,29,7,38,7,0,0,0,0
17,17,11,38,7,38,0,0,0,0,0
17,17,12,38,0,41,0,0,0,0,0
17,17,13,41,0,41,8,0,0,0,0
17,17,14,41,8,45,8,0,0,0,0
17,17,15,45,8,50,8,5,0,0,100
17,17,16,50,8,50,0,0,0,0,0
17,17,17,50,0,53,0,0,0,0,0
17,17,18,53,0,53,9,0,0,0,0
17,17,19,53,9,57,9,0,0,0,0
17,17,20,57,9,62,9,11,0,0,100
17,17,21,62,9,62,0,0,0,0,0
17,17,22,62,0,65,0,0,0,0,0
17,17,23,65,0,65,10,0,0,0,0
17,17,24,65,10,69,10,0,0,0,0
17,17,25,69,10,74,10,5,0,0,100
17,17,26,74,10,74,0,0,0,0,0
17,17,27,74,0,77,0,0,0,0,0
17,17,28,77,0,77,11,0,0,0,0
17,17,29,77,11,81,11,0,0,0,0
17,17,30,81,11,86,11,11,0,0,100
17,17,31,86,11,86,0,0,0,0,0
17,17,32,86,0,89,0,0,0,0,0
17,17,33,89,0,89,12,0,0,0,0
17,17,34,89,12,93,14,0,0,0,0
17,17,35,93,14,96,15,11,0,0,100
17,17,36,96,15,100,15,0,0,0,0
,,,,,,,,,,
18,18,0,0,15,2,15,1,0,0,20
18,18,1,2,15,9,18,0,0,0,0
18,18,2,9,18,13,20,11,0,0,100
18,18,3,13,20,15,22,6,0,0,100
18,18,4,15,22,19,25,6,0,0,100
18,18,5,19,25,25,23,11,0,2,100
18,18,6,25,23,34,20,6,0,0,100
18,18,7,34,20,35,19,0,0,0,0
18,18,8,35,19,44,16,6,0,0,100
18,18,9,44,16,49,14,6,0,0,100
18,18,10,49,14,54,12,6,0,0,100
18,18,11,54,12,55,11,0,0,0,0
18,18,12,55,11,60,9,6,0,0,100
18,18,13,60,9,60,5,0,0,0,0
18,18,14,60,5,70,5,11,2,0,100
18,18,15,70,5,71,5,6,1,0,100
18,18,16,71,5,71,0,0,0,0,0
18,18,17,71,0,74,0,0,0,0,0
18,18,18,74,0,74,7,0,0,0,0
18,18,19,74,7,77,7,0,0,0,0
18,18,20,77,7,77,0,0,0,0,0
18,18,21,77,0,80,0,0,0,0,0
18,18,22,80,0,80,9,0,0,0,0
18,18,23,80,9,89,9,0,0,0,0
18,18,24,89,9,89,0,0,0,0,0
18,18,25,89,0,92,0,0,0,0,0
18,18,26,92,0,92,12,0,0,0,0
18,18,27,92,12,95,12,0,0,0,0
18,18,28,95,12,95,0,0,0,0,0
18,18,29,95,0,98,0,0,0,0,0
18,18,30,98,0,98,15,0,0,0,0
18,18,31,98,15,99,15,0,0,0,0
18,18,32,99,15,100,15,0,0,0,0
,,,,,,,,,,
19,19,0,0,15,10,15,1,0,0,50
19,19,1,1,15,10,15,11,2,3,100
19,19,2,10,15,10,0,0,0,0,0
19,19,3,10,0,15,0,0,0,0,0
19,19,4,15,0,15,15,0,0,0,0
19,19,5,15,15,20,15,0,0,0,0
19,19,6,20,15,20,0,0,0,0,0
19,19,7,20,0,28,0,0,0,0,0
19,19,8,28,0,28,18,0,0,0,0
19,19,9,28,18,29,18,0,0,0,0
19,19,10,29,18,35,15,0,0,0,0
19,19,11,35,15,39,15,0,0,0,0
19,19,12,39,15,40,15,4,0,0,100
19,19,13,40,15,40,0,0,0,0,0
19,19,14,40,0,43,0,0,0,0,0
19,19,15,43,0,43,20,0,0,0,0
19,19,16,43,20,45,20,0,0,0,0
19,19,17,45,20,50,15,0,0,0,0
19,19,18,50,15,55,15,0,0,0,0
19,19,19,55,15,56,17,0,0,0,0
19,19,20,56,17,58,15,0,0,0,0
19,19,21,58,15,65,15,0,0,0,0
19,19,22,65,15,65,0,11,1,-1,100
19,19,23,65,0,73,0,0,0,0,0
19,19,24,73,0,73,15,0,0,0,0
19,19,25,73,15,80,15,0,0,0,0
19,19,26,80,15,80,0,0,0,0,0
19,19,27,80,0,84,0,0,0,0,0
19,19,28,84,0,84,18,0,0,0,0
19,19,29,84,18,86,18,0,0,0,0
19,19,30,86,18,86,0,0,0,0,0
19,19,31,86,0,88,0,0,0,0,0
19,19,32,88,0,88,21,0,0,0,0
19,19,33,88,21,90,21,11,1,0,100
19,19,34,90,21,90,15,0,0,0,0
19,19,35,90,15,99,15,0,0,0,0
19,19,36,99,15,99,15,0,0,0,0
19,19,37,99,15,100,15,0,0,0,0
,,,,,,,,,,
20,20,0,0,15,5,15,1,0,0,20
20,20,1,5,15,10,16,0,0,0,0
20,20,2,10,16,16,18,7,0,0,100
20,20,3,16,18,21,16,11,5,-1,100
20,20,4,21,16,27,15,7,0,0,100
20,20,5,27,15,36,17,0,0,0,0
20,20,6,36,17,38,18,7,0,0,100
20,20,7,38,18,40,17,0,0,0,0
20,20,8,40,17,49,15,7,0,0,100
20,20,9,49,15,52,16,11,0,0,100
20,20,10,52,16,56,17,7,0,0,100
20,20,11,56,17,59,17,7,0,0,100
20,20,12,59,17,60,18,7,0,0,100
20,20,13,60,18,64,17,0,0,0,0
20,20,14,64,17,68,16,7,0,0,100
20,20,15,68,16,71,15,7,0,0,100
20,20,16,71,15,75,16,0,0,0,0
20,20,17,75,16,76,16,7,0,0,100
20,20,18,76,16,77,17,0,0,0,0
20,20,19,77,17,78,17,0,0,0,0
20,20,20,78,17,82,18,7,0,0,100
20,20,21,82,18,86,17,0,0,0,0
20,20,22,86,17,87,17,7,0,0,100
20,20,23,87,17,88,17,11,5,-1,100
20,20,24,88,17,89,16,7,0,0,100
20,20,25,89,16,90,16,7,0,0,100
20,20,26,90,16,91,16,0,0,0,0
20,20,27,91,16,93,15,7,0,0,100
20,20,28,93,15,100,15,0,0,0,0
,,,,,,,,,,
21,21,0,0,15,7,15,1,0,0,33
21,21,1,7,15,7,17,0,0,0,0
21,21,2,7,17,12,17,0,0,0,0
21,21,3,12,17,12,19,0,0,0,0
21,21,4,12,19,15,19,0,0,0,0
21,21,5,15,19,19,19,0,0,0,0
21,21,6,19,19,19,22,0,0,0,0
21,21,7,19,22,23,22,0,0,0,0
21,21,8,23,22,23,5,11,2,-4,100
21,21,9,23,5,31,5,0,0,0,0
21,21,10,31,5,32,5,11,2,4,100
21,21,11,32,5,35,5,4,0,0,100
21,21,12,35,5,35,9,0,0,0,0
21,21,13,35,9,40,12,0,0,0,0
21,21,14,40,12,44,12,4,0,0,100
21,21,15,44,12,44,17,0,0,0,0
21,21,16,44,17,49,19,0,0,0,0
21,21,17,49,19,50,19,0,0,0,0
21,21,18,50,19,52,19,4,0,0,100
21,21,19,52,19,52,19,0,0,0,0
21,21,20,52,19,53,19,3,0,4,100
21,21,21,53,19,53,19,0,0,0,0
21,21,22,53,19,54,19,0,0,0,0
21,21,23,54,19,56,19,0,0,0,0
21,21,24,56,19,57,19,0,0,0,0
21,21,25,57,19,60,19,4,0,0,100
21,21,26,60,19,60,23,0,0,0,0
21,21,27,60,23,63,23,0,0,0,0
21,21,28,63,23,63,5,0,0,0,0
21,21,29,63,5,73,5,0,0,0,0
21,21,30,73,5,74,5,0,0,0,0
21,21,31,74,5,77,5,4,0,0,100
21,21,32,77,5,77,9,0,0,0,0
21,21,33,77,9,84,12,0,0,0,0
21,21,34,84,12,84,15,0,0,0,0
21,21,35,84,15,91,15,11,7,3,100
21,21,36,91,15,93,15,11,2,3,100
21,21,37,93,15,100,15,0,0,0,0
,,,,,,,,,,
22,22,0,0,15,3,15,1,0,0,20
22,22,1,3,15,3,5,0,0,0,0
22,22,2,3,5,8,5,0,0,0,0
22,22,3,8,5,10,5,3,0,0,100
22,22,4,10,5,12,5,11,0,0,100
22,22,5,12,5,16,5,11,0,0,100
22,22,6,16,5,16,0,0,0,0,0
22,22,7,16,0,20,0,0,0,0,0
22,22,8,20,0,20,7,0,0,0,0
22,22,9,20,7,24,9,0,0,0,0
22,22,10,24,9,24,0,0,0,0,0
22,22,11,24,0,28,0,0,0,0,0
22,22,12,28,0,28,12,0,0,0,0
22,22,13,28,12,32,14,0,0,0,0
22,22,14,32,14,32,0,0,0,0,0
22,22,15,32,0,39,0,0,0,0,0
22,22,16,39,0,39,17,0,0,0,0
22,22,17,39,17,43,19,0,0,0,0
22,22,18,43,19,43,0,0,0,0,0
22,22,19,43,0,47,0,0,0,0,0
22,22,20,47,0,47,21,0,0,0,0
22,22,21,47,21,51,23,0,0,0,0
22,22,22,51,23,51,0,0,0,0,0
22,22,23,51,0,57,0,0,0,0,0
22,22,24,57,0,57,25,0,0,0,0
22,22,25,57,25,65,25,0,0,0,0
22,22,26,65,25,65,0,0,0,0,0
22,22,27,65,0,68,0,0,0,0,0
22,22,28,68,0,68,22,0,0,0,0
22,22,29,68,22,73,21,11,7,1,100
22,22,30,73,21,73,0,0,0,0,0
22,22,31,73,0,83,0,0,0,0,0
22,22,32,83,0,83,15,0,0,0,0
22,22,33,83,15,86,15,11,5,0,100
22,22,34,86,15,99,15,11,4,3,100
22,22,35,99,15,100,15,0,0,0,0
,,,,,,,,,,
23,23,0,0,15,8,15,0,0,0,0
23,23,1,8,15,8,16,0,0,0,0
23,23,2,8,16,18,16,0,0,0,0
23,23,3,18,16,18,17,0,0,0,0
23,23,4,18,17,26,17,0,0,0,0
23,23,5,26,17,26,18,0,0,0,0
23,23,6,26,18,30,18,0,0,0,0
23,23,7,30,18,30,19,0,0,0,0
23,23,8,30,19,35,19,0,0,0,0
23,23,9,35,19,37,19,3,0,0,100
23,23,10,37,19,37,22,0,0,0,0
23,23,11,37,22,46,22,0,0,0,0
23,23,12,46,22,47,22,5,0,0,100
23,23,13,47,22,47,20,0,0,0,0
23,23,14,47,20,55,20,0,0,0,0
23,23,15,55,20,59,20,5,0,0,100
23,23,16,59,20,59,18,11,-3,0,100
23,23,17,59,18,63,18,0,0,0,0
23,23,18,63,18,71,18,5,0,0,100
23,23,19,71,18,74,18,5,0,0,100
23,23,20,74,18,74,17,0,0,0,0
23,23,21,74,17,78,17,0,0,0,0
23,23,22,78,17,78,16,0,0,0,0
23,23,23,78,16,81,16,0,0,0,0
23,23,24,81,16,83,16,5,0,0,100
23,23,25,83,16,87,16,5,0,0,100
23,23,26,87,16,87,15,0,0,0,0
23,23,27,87,15,100,15,11,4,4,100
,,,,,,,,,,
24,24,0,0,15,8,15,1,0,0,20
24,24,1,8,15,9,15,6,0,0,100
24,24,2,9,15,17,17,0,0,0,0
24,24,3,17,17,19,18,6,0,0,100
24,24,4,19,18,21,18,0,0,0,0
24,24,5,21,18,22,18,4,0,0,100
24,24,6,22,18,22,0,0,0,0,0
24,24,7,22,0,26,0,0,0,0,0
24,24,8,26,0,26,25,0,0,0,0
24,24,9,26,25,33,25,0,0,0,0
24,24,10,33,25,33,0,0,0,0,0
24,24,11,33,0,37,0,0,0,0,0
24,24,12,37,0,43,0,11,0,27,100
24,24,13,43,0,46,0,11,0,24,100
24,24,14,46,0,46,10,0,0,0,0
24,24,15,46,10,57,10,0,0,0,0
24,24,16,57,10,58,10,6,0,0,100
24,24,17,58,10,59,10,0,0,0,0
24,24,18,59,10,60,10,4,0,0,100
24,24,19,60,10,60,0,0,0,0,0
24,24,20,60,0,63,0,0,0,0,0
24,24,21,63,0,63,16,0,0,0,0
24,24,22,63,16,68,18,0,0,0,0
24,24,23,68,18,69,18,4,0,0,100
24,24,24,69,18,69,0,0,0,0,0
24,24,25,69,0,73,0,0,0,0,0
24,24,26,73,0,73,25,0,0,0,0
24,24,27,73,25,81,25,0,0,0,0
24,24,28,81,25,81,0,0,0,0,0
24,24,29,81,0,85,0,0,0,0,0
24,24,30,85,0,89,0,11,0,22,100
24,24,31,89,0,92,0,11,0,24,100
24,24,32,92,0,92,15,0,0,0,0
24,24,33,92,15,99,15,0,0,0,0
24,24,34,99,15,100,15,0,0,0,0
,,,,,,,,,,
25,25,0,0,15,2,15,0,0,0,0
25,25,1,2,15,15,17,0,0,0,0
25,25,2,15,17,24,19,5,0,0,100
25,25,3,24,19,39,22,11,0,0,100
25,25,4,39,22,40,23,5,0,0,100
25,25,5,40,23,46,24,11,0,0,100
25,25,6,46,24,49,24,0,0,0,0
25,25,7,49,24,50,24,4,0,0,100
25,25,8,50,24,50,0,0,0,0,0
25,25,9,50,0,56,0,0,0,0,0
25,25,10,56,0,56,5,0,0,0,0
25,25,11,56,5,62,5,0,0,0,0
25,25,12,62,5,62,0,0,0,0,0
25,25,13,62,0,68,0,0,0,0,0
25,25,14,68,0,68,5,0,0,0,0
25,25,15,68,5,75,9,0,0,0,0
25,25,16,75,9,91,12,5,0,0,100
25,25,17,91,12,92,12,11,3,1,100
25,25,18,92,12,100,15,5,0,0,100
,,,,,,,,,,
26,26,0,0,15,7,15,1,0,0,20
26,26,1,7,15,11,15,0,0,0,0
26,26,2,11,15,15,15,11,0,5,100
26,26,3,15,15,15,13,0,0,0,0
26,26,4,15,13,22,13,0,0,0,0
26,26,5,22,13,22,11,0,0,0,0
26,26,6,22,11,29,11,0,0,0,0
26,26,7,29,11,29,9,0,0,0,0
26,26,8,29,9,37,9,0,0,0,0
26,26,9,37,9,37,0,0,0,0,0
26,26,10,37,0,44,0,0,0,0,0
26,26,11,44,0,44,11,0,0,0,0
26,26,12,44,11,47,11,0,0,0,0
26,26,13,47,11,47,0,0,0,0,0
26,26,14,47,0,54,0,0,0,0,0
26,26,15,54,0,54,13,0,0,0,0
26,26,16,54,13,57,13,0,0,0,0
26,26,17,57,13,57,0,0,0,0,0
26,26,18,57,0,61,0,0,0,0,0
26,26,19,61,0,61,15,0,0,0,0
26,26,20,61,15,64,15,0,0,0,0
26,26,21,64,15,64,0,0,0,0,0
26,26,22,64,0,67,0,0,0,0,0
26,26,23,67,0,67,15,0,0,0,0
26,26,24,67,15,70,15,0,0,0,0
26,26,25,70,15,70,0,0,0,0,0
26,26,26,70,0,76,0,0,0,0,0
26,26,27,76,0,80,0,11,0,15,100
26,26,28,80,0,80,15,0,0,0,0
26,26,29,80,15,86,15,0,0,0,0
26,26,30,86,15,92,15,7,0,0,100
26,26,31,92,15,94,15,7,0,0,100
26,26,32,94,15,99,15,11,0,0,100
26,26,33,99,15,100,15,0,0,0,0
,,,,,,,,,,
27,27,0,0,15,9,15,0,0,0,0
27,27,1,9,15,19,18,0,0,0,0
27,27,2,19,18,22,18,0,0,0,0
27,27,3,22,18,26,18,5,0,0,100
27,27,4,26,18,26,0,11,2,3,100
27,27,5,26,0,30,0,0,0,0,0
27,27,6,30,0,30,18,0,0,0,0
27,27,7,30,18,37,18,0,0,0,0
27,27,8,37,18,44,16,0,0,0,0
27,27,9,44,16,54,13,5,0,0,100
27,27,10,54,13,57,13,5,0,0,100
27,27,11,57,13,60,12,5,0,0,100
27,27,12,60,12,66,12,0,0,0,0
27,27,13,66,12,67,12,5,0,0,100
27,27,14,67,12,67,0,0,0,0,0
27,27,15,67,0,71,0,11,2,13,100
27,27,16,71,0,71,12,0,0,0,0
27,27,17,71,12,72,12,5,0,0,100
27,27,18,72,12,78,12,0,0,0,0
27,27,19,78,12,79,12,5,0,0,100
27,27,20,79,12,85,13,0,0,0,0
27,27,21,85,13,90,15,5,0,0,100
27,27,22,90,15,100,15,11,5,0,100
,,,,,,,,,,
28,28,0,0,15,9,15,1,0,0,50
28,28,1,9,15,14,15,10,0,0,100
28,28,2,14,15,19,15,5,0,0,100
28,28,3,19,15,24,15,9,0,0,100
28,28,4,24,15,25,15,5,0,0,100
28,28,5,25,15,29,15,5,-1,1,100
28,28,6,29,15,34,15,9,0,0,100
28,28,7,34,15,35,15,5,0,0,100
28,28,8,35,15,36,15,5,-1,1,100
28,28,9,36,15,39,15,5,-2,2,100
28,28,10,39,15,44,15,9,0,0,100
28,28,11,44,15,45,15,5,0,0,100
28,28,12,45,15,46,15,5,-1,1,100
28,28,13,46,15,47,15,5,-2,2,100
28,28,14,47,15,48,15,5,0,0,100
28,28,15,48,15,49,15,5,-1,1,100
28,28,16,49,15,50,15,5,-2,2,100
28,28,17,50,15,51,15,5,0,0,100
28,28,18,51,15,52,15,5,-1,1,100
28,28,19,52,15,53,15,5,-2,2,100
28,28,20,53,15,54,15,11,0,0,100
28,28,21,54,15,55,15,11,-1,1,100
28,28,22,55,15,56,15,11,-2,2,100
28,28,23,56,15,57,15,5,0,0,100
28,28,24,57,15,58,15,5,-1,1,100
28,28,25,58,15,59,15,5,-2,2,100
28,28,26,59,15,60,15,5,0,0,100
28,28,27,60,15,61,15,5,-1,1,100
28,28,28,61,15,62,15,5,-2,2,100
28,28,29,62,15,63,15,5,0,0,100
28,28,30,63,15,64,15,5,-1,1,100
28,28,31,64,15,65,15,5,-2,2,100
28,28,32,65,15,66,15,11,0,0,100
28,28,33,66,15,67,15,11,-1,1,100
28,28,34,67,15,68,15,11,-2,2,100
28,28,35,68,15,69,15,5,0,0,100
28,28,36,69,15,70,15,5,-1,1,100
28,28,37,70,15,71,15,5,-2,2,100
28,28,38,71,15,72,15,5,0,0,100
28,28,39,72,15,73,15,5,-1,1,100
28,28,40,73,15,74,15,5,-2,2,100
28,28,41,74,15,75,15,5,0,0,100
28,28,42,75,15,76,15,5,-1,1,100
28,28,43,76,15,77,15,5,-2,2,100
28,28,44,77,15,78,15,11,0,0,100
28,28,45,78,15,79,15,11,-1,1,100
28,28,46,79,15,80,15,11,-2,2,100
28,28,47,80,15,81,15,5,0,0,100
28,28,48,81,15,82,15,5,-1,1,100
28,28,49,82,15,83,15,5,-2,2,100
28,28,50,83,15,84,15,11,0,0,100
28,28,51,84,15,85,15,11,-1,1,100
28,28,52,85,15,86,15,11,-2,2,100
28,28,53,86,15,87,15,3,-2,7,100
28,28,54,87,15,88,15,0,0,0,0
28,28,55,88,15,89,15,0,0,0,0
28,28,56,89,15,100,15,0,0,0,0
28,28,57,99,15,100,15,0,0,0,0
,,,,,,,,,,
29,29,0,0,15,12,15,1,0,0,20
29,29,1,12,15,18,15,6,0,0,100
29,29,2,18,15,19,15,6,0,0,100
29,29,3,19,15,25,15,6,0,0,100
29,29,4,25,15,26,15,6,0,0,100
29,29,5,26,15,27,15,6,0,0,100
29,29,6,27,15,32,15,6,0,0,100
29,29,7,32,15,33,15,6,0,0,100
29,29,8,33,15,34,15,6,0,0,100
29,29,9,34,15,35,15,6,0,0,100
29,29,10,35,15,36,15,6,0,0,100
29,29,11,36,15,37,15,6,0,0,100
29,29,12,37,15,38,15,6,0,0,100
29,29,13,38,15,49,15,11,0,0,100
29,29,14,49,15,56,15,6,0,0,100
29,29,15,56,15,57,15,6,0,0,100
29,29,16,57,15,63,15,6,0,0,100
29,29,17,63,15,64,15,6,0,0,100
29,29,18,64,15,65,15,6,-1,1,100
29,29,19,65,15,68,15,6,-2,2,100
29,29,20,68,15,73,15,4,0,0,100
29,29,21,73,15,74,15,11,1,6,100
29,29,22,74,15,75,15,6,0,0,100
29,29,23,75,15,76,15,6,-1,1,100
29,29,24,76,15,77,15,6,-2,2,100
29,29,25,77,15,78,15,6,-3,3,100
29,29,26,78,15,79,15,6,-4,4,100
29,29,27,79,15,83,15,6,-5,5,100
29,29,28,83,15,84,15,6,0,0,100
29,29,29,84,15,85,15,6,0,0,100
29,29,30,85,15,86,15,6,0,0,100
29,29,31,86,15,87,15,6,0,0,100
29,29,32,87,15,88,15,6,0,0,100
29,29,33,88,15,89,15,6,-4,1,100
29,29,34,89,15,90,15,6,-4,1,100
29,29,35,90,15,91,15,6,-5,2,100
29,29,36,91,15,92,15,6,-5,1,100
29,29,37,92,15,99,15,11,-4,0,100
29,29,38,99,15,100,15,0,0,0,20
,,,,,,,,,,
30,30,0,0,15,10,15,1,0,0,100
30,30,1,10,15,11,15,7,0,0,100
30,30,2,11,15,12,15,7,0,0,100
30,30,3,12,15,13,15,7,0,0,100
30,30,4,13,15,14,15,7,-2,1,100
30,30,5,14,15,15,15,11,-1,0,100
30,30,6,15,15,21,15,0,0,0,0
30,30,7,21,15,22,15,7,0,0,100
30,30,8,22,15,23,15,7,0,0,100
30,30,9,23,15,24,15,7,0,0,100
30,30,10,24,15,25,15,7,0,0,100
30,30,11,25,15,33,15,0,0,0,0
30,30,12,33,15,34,15,7,0,0,100
30,30,13,34,15,35,15,7,-1,1,100
30,30,14,35,15,39,15,7,-2,2,100
30,30,15,39,15,40,15,0,0,0,100
30,30,16,40,15,41,15,7,0,0,100
30,30,17,41,15,42,15,7,0,0,100
30,30,18,42,15,43,15,7,0,0,100
30,30,19,43,15,44,15,11,0,0,100
30,30,20,45,15,46,15,0,0,0,0
30,30,21,46,15,47,15,7,0,0,100
30,30,22,47,15,48,15,7,0,0,100
30,30,23,48,15,54,15,0,0,0,100
30,30,24,54,15,55,15,7,0,0,100
30,30,25,55,15,56,15,7,-1,1,100
30,30,26,56,15,61,15,7,-2,2,100
30,30,27,61,15,62,15,7,0,0,100
30,30,28,62,15,63,15,7,-1,1,100
30,30,29,63,15,65,15,7,-2,2,100
30,30,30,65,15,68,15,11,0,0,100
30,30,31,68,15,69,15,0,0,0,0
30,30,32,69,15,70,15,4,0,0,100
30,30,33,70,15,73,15,0,0,0,0
30,30,34,73,15,76,15,0,0,0,0
30,30,35,76,15,77,15,7,0,0,100
30,30,36,77,15,78,15,7,-1,1,100
30,30,37,78,15,79,15,7,-2,2,100
30,30,38,79,15,80,15,7,-3,3,100
30,30,39,80,15,81,15,7,-4,4,100
30,30,40,81,15,82,15,7,-5,5,100
30,30,41,82,15,83,15,0,0,0,0
30,30,42,83,15,84,15,0,0,0,0
30,30,43,84,15,85,15,0,0,0,0
30,30,44,85,15,86,15,0,0,0,0
30,30,45,86,15,87,15,0,0,0,0
30,30,46,87,15,88,15,7,0,0,100
30,30,47,88,15,89,15,7,0,0,100
30,30,48,89,15,90,15,7,0,0,100
30,30,49,90,15,91,15,7,0,0,100
30,30,50,91,15,92,15,7,0,0,100
30,30,51,92,15,93,15,7,0,0,100
30,30,52,93,15,99,15,7,0,0,100
30,30,53,99,15,100,15,0,0,0,0
,,,,,,,,,,
31,31,0,0,15,11,15,1,0,0,20
31,31,1,11,15,11,0,11,4,2,100
31,31,2,11,0,18,0,0,0,0,0
31,31,3,18,0,18,15,0,0,0,0
31,31,4,18,15,28,15,0,0,0,0
31,31,5,28,15,28,0,0,0,0,0
31,31,6,28,0,38,0,0,0,0,0
31,31,7,38,0,38,15,0,0,0,0
31,31,8,38,15,41,15,4,0,0,100
31,31,9,41,15,43,15,0,0,0,0
31,31,10,43,15,43,21,0,0,0,0
31,31,11,43,21,48,22,0,0,0,0
31,31,12,48,22,48,24,0,0,0,0
31,31,13,48,24,55,25,0,0,0,0
31,31,14,55,25,55,0,11,-1,0,100
31,31,15,55,0,73,0,0,0,0,0
31,31,16,73,0,73,5,0,0,0,0
31,31,17,73,5,82,7,0,0,0,0
31,31,18,82,7,92,11,7,0,0,100
31,31,19,92,11,94,12,7,0,0,100
31,31,20,94,12,96,13,7,0,0,100
31,31,21,96,13,98,15,11,0,0,100
31,31,22,98,15,99,15,0,0,0,0
31,31,23,99,15,100,15,0,0,0,0
,,,,,,,,,,
32,32,0,0,15,11,15,1,0,0,20
32,32,1,11,15,12,15,4,-2,0,100
32,32,2,12,15,18,15,11,0,7,100
32,32,3,18,15,21,15,4,-2,0,100
32,32,4,21,15,25,15,11,0,7,100
32,32,5,25,15,26,15,4,-2,0,100
32,32,6,26,15,31,15,11,0,7,100
32,32,7,31,15,38,15,11,0,7,100
32,32,8,38,15,39,15,4,-2,0,100
32,32,9,39,15,43,15,11,0,7,100
32,32,10,43,15,44,15,11,0,9,100
32,32,11,44,15,44,0,0,0,0,0
32,32,12,44,0,51,0,0,0,0,0
32,32,13,51,0,51,15,0,0,0,0
32,32,14,51,15,59,15,0,0,0,0
32,32,15,59,15,60,15,4,-2,0,100
32,32,16,60,15,62,15,11,0,0,100
32,32,17,62,15,62,0,0,0,0,0
32,32,18,62,0,64,0,0,0,0,0
32,32,19,64,0,64,22,0,0,0,0
32,32,20,64,22,68,22,0,0,0,0
32,32,21,68,22,68,0,11,2,-3,100
32,32,22,68,0,76,0,0,0,0,0
32,32,23,76,0,76,15,0,0,0,0
32,32,24,76,15,81,15,0,0,0,0
32,32,25,81,15,84,15,4,0,0,100
32,32,26,84,15,84,0,11,0,7,100
32,32,27,84,0,91,0,0,0,0,0
32,32,28,91,0,91,15,0,0,0,0
32,32,29,91,15,99,15,11,-3,-1,100
32,32,30,99,15,100,15,0,0,0,0
,,,,,,,,,,
33,33,0,0,15,7,15,1,0,0,20
33,33,1,7,15,7,16,0,0,0,0
33,33,2,7,16,14,16,0,0,0,0
33,33,3,14,16,14,17,0,0,0,0
33,33,4,14,17,17,17,0,0,0,0
33,33,5,17,17,17,18,0,0,0,0
33,33,6,17,18,24,18,0,0,0,0
33,33,7,24,18,24,19,0,0,0,0
33,33,8,24,19,29,19,0,0,0,0
33,33,9,29,19,29,16,0,0,0,0
33,33,10,29,16,33,16,0,0,0,0
33,33,11,33,16,33,19,0,0,0,0
33,33,12,33,19,37,19,0,0,0,0
33,33,13,37,19,37,16,0,0,0,0
33,33,14,37,16,41,16,0,0,0,0
33,33,15,41,16,41,19,0,0,0,0
33,33,16,41,19,50,19,0,0,0,0
33,33,17,50,19,50,20,0,0,0,0
33,33,18,50,20,52,20,0,0,0,0
33,33,19,52,20,52,21,0,0,0,0
33,33,20,52,21,55,21,0,0,0,0
33,33,21,55,21,55,22,0,0,0,0
33,33,22,55,22,61,22,11,0,2,100
33,33,23,61,22,66,22,0,0,0,0
33,33,24,66,22,66,20,0,0,0,0
33,33,25,66,20,69,20,0,0,0,0
33,33,26,69,20,74,20,11,0,3,100
33,33,27,74,20,74,19,0,0,0,0
33,33,28,74,19,76,19,0,0,0,0
33,33,29,76,19,81,19,11,0,0,100
33,33,30,81,19,81,17,0,0,0,0
33,33,31,81,17,87,17,0,0,0,0
33,33,32,87,17,87,15,0,0,0,0
33,33,33,87,15,89,15,0,0,0,0
33,33,34,89,15,93,15,11,0,0,100
33,33,35,93,15,93,18,0,0,0,0
33,33,36,93,18,97,18,0,0,0,0
33,33,37,97,18,97,15,0,0,0,0
33,33,38,97,15,98,15,0,0,0,0
33,33,39,98,15,100,15,0,0,0,0
,,,,,,,,,,
34,34,0,0,15,3,15,1,0,0,33
34,34,1,3,15,19,25,0,0,0,0
34,34,2,19,25,20,24,11,0,0,100
34,34,3,20,24,22,21,11,0,0,100
34,34,4,22,21,24,17,11,0,0,100
34,34,5,24,17,26,13,11,0,0,100
34,34,6,26,13,28,9,11,0,0,100
34,34,7,28,9,30,5,11,0,0,100
34,34,8,30,5,34,5,6,0,0,100
34,34,9,34,5,35,5,0,0,0,0
34,34,10,35,5,35,0,0,0,0,0
34,34,11,35,0,40,0,0,0,0,0
34,34,12,40,0,40,5,0,0,0,0
34,34,13,40,5,48,5,0,0,0,0
34,34,14,48,5,51,5,0,0,0,0
34,34,15,51,5,51,0,0,0,0,0
34,34,16,51,0,56,0,0,0,0,0
34,34,17,56,0,56,5,0,0,0,0
34,34,18,56,5,57,5,0,0,0,0
34,34,19,57,5,63,5,6,0,0,100
34,34,20,63,5,64,5,6,0,0,100
34,34,21,64,5,65,5,0,0,0,0
34,34,22,65,5,66,5,0,0,0,0
34,34,23,66,5,73,5,0,0,0,0
34,34,24,73,5,74,5,6,0,0,100
34,34,25,74,5,75,5,0,0,0,0
34,34,26,75,5,76,5,0,0,0,0
34,34,27,76,5,82,5,0,0,0,0
34,34,28,82,5,86,7,0,0,0,0
34,34,29,86,7,87,7,6,0,0,100
34,34,30,87,7,92,12,0,0,0,0
34,34,31,92,12,93,12,0,0,0,0
34,34,32,93,12,94,13,0,0,0,0
34,34,33,94,13,98,15,6,0,0,100
34,34,34,98,15,99,15,0,0,0,0
34,34,35,99,15,100,15,0,0,0,0
,,,,,,,,,,
35,35,0,0,15,7,15,0,0,0,0
35,35,1,7,15,7,17,0,0,0,0
35,35,2,7,17,11,17,0,0,0,0
35,35,3,11,17,11,15,0,0,0,0
35,35,4,11,15,15,15,0,0,0,0
35,35,5,15,15,15,13,0,0,0,0
35,35,6,15,13,17,13,0,0,0,0
35,35,7,17,13,19,13,11,0,4,100
35,35,8,19,13,19,15,0,0,0,0
35,35,9,19,15,23,15,0,0,0,0
35,35,10,23,15,23,17,0,0,0,0
35,35,11,23,17,27,17,0,0,0,0
35,35,12,27,17,27,15,0,0,0,0
35,35,13,27,15,31,15,0,0,0,0
35,35,14,31,15,31,13,0,0,0,0
35,35,15,31,13,33,13,0,0,0,0
35,35,16,33,13,35,13,11,0,1,100
35,35,17,35,13,35,15,0,0,0,0
35,35,18,35,15,39,15,0,0,0,0
35,35,19,39,15,39,17,0,0,0,0
35,35,20,39,17,43,17,0,0,0,0
35,35,21,43,17,43,15,0,0,0,0
35,35,22,43,15,47,15,0,0,0,0
35,35,23,47,15,47,12,0,0,0,0
35,35,24,47,12,50,12,0,0,0,0
35,35,25,50,12,55,12,11,0,0,100
35,35,26,55,12,55,15,0,0,0,0
35,35,27,55,15,62,15,0,0,0,0
35,35,28,62,15,62,18,0,0,0,0
35,35,29,62,18,68,18,0,0,0,0
35,35,30,68,18,68,15,0,0,0,0
35,35,31,68,15,75,15,0,0,0,0
35,35,32,75,15,75,12,0,0,0,0
35,35,33,75,12,79,12,0,0,0,0
35,35,34,79,12,82,12,11,0,2,100
35,35,35,82,12,82,15,0,0,0,0
35,35,36,82,15,89,15,0,0,0,0
35,35,37,89,15,89,18,0,0,0,0
35,35,38,89,18,95,18,0,0,0,0
35,35,39,95,18,95,15,0,0,0,0
35,35,40,95,15,100,15,0,0,0,0
,,,,,,,,,,
36,36,0,0,15,10,15,1,0,0,20
36,36,1,10,15,14,17,0,0,0,0
36,36,2,14,17,19,22,5,0,0,100
36,36,3,19,22,20,23,5,0,0,100
36,36,4,20,23,25,25,5,0,0,100
36,36,5,25,25,28,25,4,0,0,100
36,36,6,28,25,28,0,0,0,0,0
36,36,7,28,0,30,0,0,0,0,0
36,36,8,30,0,30,23,0,0,0,0
36,36,9,30,23,31,23,5,0,0,100
36,36,10,31,23,32,23,0,0,0,0
36,36,11,32,23,32,0,0,0,0,0
36,36,12,32,0,34,0,0,0,0,0
36,36,13,34,0,34,21,0,0,0,0
36,36,14,34,21,36,21,0,0,0,0
36,36,15,36,21,36,0,0,0,0,0
36,36,16,36,0,38,0,0,0,0,0
36,36,17,38,0,38,19,0,0,0,0
36,36,18,38,19,40,19,0,0,0,0
36,36,19,40,19,40,0,0,0,0,0
36,36,20,40,0,42,0,0,0,0,0
36,36,21,42,0,42,17,0,0,0,0
36,36,22,42,17,44,17,0,0,0,0
36,36,23,44,17,44,0,0,0,0,0
36,36,24,44,0,46,0,0,0,0,0
36,36,25,46,0,46,15,0,0,0,0
36,36,26,46,15,48,15,0,0,0,0
36,36,27,48,15,48,0,0,0,0,0
36,36,28,48,0,50,0,0,0,0,0
36,36,29,50,0,50,13,0,0,0,0
36,36,30,50,13,52,13,0,0,0,0
36,36,31,52,13,52,0,0,0,0,0
36,36,32,52,0,54,0,0,0,0,0
36,36,33,54,0,54,11,0,0,0,0
36,36,34,54,11,56,11,0,0,0,0
36,36,35,56,11,56,0,0,0,0,0
36,36,36,56,0,58,0,0,0,0,0
36,36,37,58,0,58,9,0,0,0,0
36,36,38,58,9,60,9,0,0,0,0
36,36,39,60,9,60,0,0,0,0,0
36,36,40,60,0,62,0,0,0,0,0
36,36,41,62,0,62,7,0,0,0,0
36,36,42,62,7,63,7,0,0,0,0
36,36,43,63,7,64,7,4,0,0,100
36,36,44,64,7,64,0,0,0,0,0
36,36,45,64,0,66,0,0,0,0,0
36,36,46,66,0,66,12,0,0,0,0
36,36,47,66,12,70,13,0,0,0,0
36,36,48,70,13,73,14,5,0,0,100
36,36,49,73,14,78,15,5,0,0,100
36,36,50,78,15,80,15,5,0,0,100
36,36,51,80,15,81,15,5,0,0,100
36,36,52,81,15,89,15,0,0,0,0
36,36,53,89,15,90,15,11,0,0,100
36,36,54,90,15,92,15,5,0,0,100
36,36,55,92,15,94,15,11,0,0,100
36,36,56,94,15,95,15,5,0,0,100
36,36,57,95,15,99,15,11,0,0,100
36,36,58,99,15,100,15,0,0,0,0
,,,,,,,,,,
37,37,0,0,15,4,15,1,0,0,20
37,37,1,4,15,9,12,0,0,0,0
37,37,2,9,12,9,0,0,0,0,0
37,37,3,9,0,12,0,0,0,0,0
37,37,4,12,0,12,5,0,0,0,0
37,37,5,12,5,15,5,0,0,0,0
37,37,6,15,5,15,0,0,0,0,0
37,37,7,15,0,25,0,0,0,0,0
37,37,8,25,0,25,5,0,0,0,0
37,37,9,25,5,31,7,0,0,0,0
37,37,10,31,7,31,0,0,0,0,0
37,37,11,31,0,38,0,0,0,0,0
37,37,12,38,0,38,9,0,0,0,0
37,37,13,38,9,41,10,0,0,0,0
37,37,14,41,10,41,0,0,0,0,0
37,37,15,41,0,51,0,0,0,0,0
37,37,16,51,0,51,10,0,0,0,0
37,37,17,51,10,57,13,0,0,0,0
37,37,18,57,13,60,14,5,0,0,100
37,37,19,60,14,63,16,5,0,0,100
37,37,20,63,16,63,0,0,0,0,0
37,37,21,63,0,70,0,0,0,0,0
37,37,22,70,0,70,17,0,0,0,0
37,37,23,70,17,73,18,0,0,0,0
37,37,24,73,18,74,18,0,0,0,0
37,37,25,74,18,76,19,5,0,0,100
37,37,26,76,19,76,0,0,0,0,0
37,37,27,76,0,79,0,0,0,0,0
37,37,28,79,0,79,21,0,0,0,0
37,37,29,79,21,80,21,0,0,0,0
37,37,30,80,21,82,21,0,0,0,0
37,37,31,82,21,82,0,0,0,0,0
37,37,32,82,0,95,0,0,0,0,0
37,37,33,95,0,95,15,0,0,0,0
37,37,34,95,15,99,15,0,0,0,0
37,37,35,99,15,100,15,0,0,0,0
,,,,,,,,,,
38,38,0,0,15,4,15,1,0,0,20
38,38,1,4,15,4,5,0,0,0,0
38,38,2,4,5,9,5,0,0,0,0
38,38,3,9,5,15,5,3,0,0,100
38,38,4,15,5,15,6,0,0,0,0
38,38,5,15,6,22,6,0,0,0,0
38,38,6,22,6,22,7,0,0,0,0
38,38,7,22,7,26,7,11,2,0,100
38,38,8,26,7,26,8,0,0,0,0
38,38,9,26,8,34,8,0,0,0,0
38,38,10,34,8,34,9,0,0,0,0
38,38,11,34,9,36,9,0,0,0,0
38,38,12,36,9,36,10,0,0,0,0
38,38,13,36,10,38,10,0,0,0,0
38,38,14,38,10,38,11,0,0,0,0
38,38,15,38,11,44,11,0,0,0,0
38,38,16,44,11,44,12,0,0,0,0
38,38,17,44,12,50,12,0,0,0,0
38,38,18,50,12,50,13,0,0,0,0
38,38,19,50,13,51,13,0,0,0,0
38,38,20,51,13,51,14,0,0,0,0
38,38,21,51,14,58,14,0,0,0,0
38,38,22,58,14,58,16,0,0,0,0
38,38,23,58,16,61,16,0,0,0,0
38,38,24,61,16,61,18,0,0,0,0
38,38,25,61,18,69,18,0,0,0,0
38,38,26,69,18,69,19,0,0,0,0
38,38,27,69,19,72,19,0,0,0,0
38,38,28,72,19,72,20,0,0,0,0
38,38,29,72,20,75,20,0,0,0,0
38,38,30,75,20,75,21,11,3,1,100
38,38,31,75,21,82,21,0,0,0,0
38,38,32,82,21,82,24,0,0,0,0
38,38,33,82,24,87,24,0,0,0,0
38,38,34,87,24,87,0,11,5,-4,100
38,38,35,87,0,97,0,0,0,0,0
38,38,36,97,0,97,15,0,0,0,0
38,38,37,97,15,99,15,0,0,0,0
38,38,38,99,15,100,15,0,0,0,0
,,,,,,,,,,
39,39,0,0,15,1,15,1,0,0,20
39,39,1,1,15,11,18,0,0,0,0
39,39,2,11,18,18,13,11,3,1,100
39,39,3,18,13,23,14,0,0,0,0
39,39,4,23,14,28,16,7,0,0,100
39,39,5,28,16,31,15,0,0,0,0
39,39,6,31,15,35,17,0,0,0,0
39,39,7,35,17,39,18,7,0,0,100
39,39,8,39,18,41,20,7,0,0,100
39,39,9,41,20,42,21,0,0,0,0
39,39,10,42,21,46,14,11,0,0,100
39,39,11,46,14,48,13,7,0,0,100
39,39,12,48,13,49,14,0,0,0,0
39,39,13,49,14,52,15,7,0,0,100
39,39,14,52,15,56,13,0,0,0,0
39,39,15,56,13,62,11,7,0,0,100
39,39,16,62,11,66,13,0,0,0,0
39,39,17,66,13,68,14,7,0,0,100
39,39,18,68,14,71,16,7,0,0,100
39,39,19,71,16,72,17,0,0,0,0
39,39,20,72,17,75,16,7,0,0,100
39,39,21,75,16,82,18,0,0,0,0
39,39,22,82,18,83,19,7,0,0,100
39,39,23,83,19,87,21,3,0,0,100
39,39,24,87,21,89,19,0,0,0,0
39,39,25,89,19,93,16,7,0,0,100
39,39,26,93,16,95,17,0,0,0,0
39,39,27,95,17,97,15,0,0,0,0
39,39,28,97,15,98,15,0,0,0,0
39,39,29,98,15,99,15,7,0,0,100
39,39,30,99,15,100,15,0,0,0,0
,,,,,,,,,,
40,40,0,0,15,17,15,0,0,0,0
40,40,1,17,15,24,15,5,0,0,100
40,40,2,24,15,29,16,0,0,0,0
40,40,3,29,16,35,18,11,0,0,100
40,40,4,35,18,49,14,0,0,0,0
40,40,5,49,14,52,13,5,0,0,100
40,40,6,52,13,59,12,11,0,3,100
40,40,7,59,12,66,12,11,3,2,100
40,40,8,66,12,79,12,4,0,0,100
40,40,9,79,12,79,0,11,-9,7,100
40,40,10,79,0,83,0,0,0,0,0
40,40,11,83,0,83,12,0,0,0,0
40,40,12,83,12,94,15,0,0,0,0
40,40,13,94,15,100,15,0,0,0,0
,,,,,,,,,,
41,41,0,0,15,14,15,0,0,0,0
41,41,1,14,15,14,0,11,2,3,100
41,41,2,14,0,18,0,0,0,0,0
41,41,3,18,0,18,15,0,0,0,0
41,41,4,18,15,28,15,0,0,0,0
41,41,5,28,15,28,17,0,0,0,0
41,41,6,28,17,39,17,0,0,0,0
41,41,7,39,17,39,0,11,4,0,100
41,41,8,39,0,46,0,0,0,0,0
41,41,9,46,0,46,17,0,0,0,0
41,41,10,46,17,56,17,0,0,0,0
41,41,11,56,17,56,15,0,0,0,0
41,41,12,56,15,67,15,0,0,0,0
41,41,13,67,15,67,10,0,0,0,0
41,41,14,67,10,83,10,0,0,0,0
41,41,15,83,10,87,10,4,-1,0,100
41,41,16,87,10,87,17,0,0,0,0
41,41,17,87,17,91,17,0,0,0,0
41,41,18,91,17,91,15,0,0,0,0
41,41,19,91,15,92,15,0,0,0,0
41,41,20,92,15,100,15,0,0,0,100
,,,,,,,,,,
42,42,0,0,15,18,15,0,0,0,0
42,42,1,18,15,27,15,5,0,0,100
42,42,2,27,15,28,15,5,0,0,100
42,42,3,28,15,29,15,5,0,0,100
42,42,4,29,15,39,15,5,0,0,100
42,42,5,39,15,40,15,5,0,0,100
42,42,6,40,15,41,15,5,0,0,100
42,42,7,41,15,42,15,5,0,0,100
42,42,8,42,15,43,15,5,0,0,100
42,42,9,43,15,44,15,5,0,0,100
42,42,10,44,15,54,15,11,-3,2,100
42,42,11,54,15,64,15,5,0,0,100
42,42,12,64,15,65,15,5,0,0,100
42,42,13,65,15,74,15,5,-1,1,100
42,42,14,74,15,75,15,5,0,0,100
42,42,15,75,15,76,15,5,-1,1,100
42,42,16,76,15,77,15,5,-2,2,100
42,42,17,77,15,85,15,11,-3,3,100
42,42,18,85,15,86,15,5,0,0,100
42,42,19,86,15,87,15,5,0,0,100
42,42,20,87,15,88,15,5,0,0,100
42,42,21,88,15,89,15,5,0,0,100
42,42,22,89,15,90,15,5,-3,1,100
42,42,23,90,15,91,15,5,-3,1,100
42,42,23,91,15,92,15,3,-4,2,100
42,42,24,92,15,100,15,0,0,0,0
,,,,,,,,,,
43,43,0,0,15,100,15,0,0,0,0